sku,nome_produto,categoria,preco,qtd_vendida_90d,qtd_vendida_30d,largura_m,profundidade_m,altura_m,largura_mm,profundidade_mm,altura_mm,volume_embalado_m3,peso_embalado_kg,volume_mm3,volume_litros,volume_m3
SKU-0001,Carrinho de Controle,Brinquedos,375.94,116,39,0.15,0.381,0.355,150,381,355,0.020288,0.04,20288250.0,20.28825,0.02028825
SKU-0002,Carrinho Elétrico,Brinquedos,35.26,128,43,0.148,0.277,0.062,148,277,62,0.002542,0.0,2541752.0,2.541752,0.002541752
SKU-0003,Item HD-3,Utilidades Domésticas,125.81,23,8,0.175,0.441,0.391,175,441,391,0.030175,0.02,30175425.0,30.175425,0.030175425
SKU-0004,Item HD-4,Utilidades Domésticas,183.32,123,41,0.147,0.394,0.096,147,394,96,0.00556,0.01,5560128.0,5.560128,0.005560128
SKU-0005,Item HD-5,Utilidades Domésticas,426.8,36,12,0.169,0.07,0.257,169,70,257,0.00304,0.0,3040310.0,3.04031,0.00304031
